round,arm,elapsedMs,afterConfirmationMs,unrelatedPendingAtResponse,warmPerCallMs,serviceDelayMs
0,baseline,1112.1652919999997,104.63733299999967,False,3.1504779199999984,100
0,candidate,1013.8989169999995,4.493791999999303,True,3.448662089999998,100
1,candidate,1009.3133749999997,3.990415999999641,True,3.186039579999997,100
1,baseline,1111.9321670000008,105.20862500000112,False,3.0402658299999894,100
2,baseline,1110.0795420000013,104.02712500000052,False,3.155864999999994,100
2,candidate,1009.0521250000002,3.744916000001467,True,3.086662919999999,100
3,candidate,1010.0741660000003,4.81670800000029,True,3.55356749999999,100
3,baseline,1108.6909579999992,103.347667,False,3.3907137499999953,100
4,baseline,1117.0726250000007,104.0311249999977,False,2.861327500000007,100
4,candidate,1007.9242919999997,3.413416999999754,True,3.2985345800000143,100
